,model,path
0,Gibson_EH-185_cond-0.00-out.wav,Proteus_Tone_Packs/AmpPack3/Gibson_EH-185.json
1,Gibson_EH-185_cond-0.25-out.wav,Proteus_Tone_Packs/AmpPack3/Gibson_EH-185.json
2,Gibson_EH-185_cond-0.50-out.wav,Proteus_Tone_Packs/AmpPack3/Gibson_EH-185.json
3,Gibson_EH-185_cond-0.75-out.wav,Proteus_Tone_Packs/AmpPack3/Gibson_EH-185.json
4,Gibson_EH-185_cond-1.00-out.wav,Proteus_Tone_Packs/AmpPack3/Gibson_EH-185.json
5,ENGL_Tube_Toner_E430-out.wav,Proteus_Tone_Packs/AmpPack3/ENGL_Tube_Toner_E430.json
6,ElCoyote_Trainwreck_Crunch-out.wav,Proteus_Tone_Packs/AmpPack3/ElCoyote_Trainwreck_Crunch.json
7,ENGL_E430_Clean_EdoardoNapoli-out.wav,Proteus_Tone_Packs/AmpPack3/ENGL_E430_Clean_EdoardoNapoli.json
8,Filmosound_with_cab-out.wav,Proteus_Tone_Packs/AmpPack3/Filmosound_with_cab.json
9,ENGL_E645_Clean_EdoardoNapoli-out.wav,Proteus_Tone_Packs/AmpPack3/ENGL_E645_Clean_EdoardoNapoli.json
10,ElCoyote_Trainwreck_Clean-out.wav,Proteus_Tone_Packs/AmpPack3/ElCoyote_Trainwreck_Clean.json
11,Bass_Dirt_GainKnob_cond-0.00-out.wav,Proteus_Tone_Packs/MetalAmpPack/Bass_Dirt_GainKnob.json
12,Bass_Dirt_GainKnob_cond-0.25-out.wav,Proteus_Tone_Packs/MetalAmpPack/Bass_Dirt_GainKnob.json
13,Bass_Dirt_GainKnob_cond-0.50-out.wav,Proteus_Tone_Packs/MetalAmpPack/Bass_Dirt_GainKnob.json
14,Bass_Dirt_GainKnob_cond-0.75-out.wav,Proteus_Tone_Packs/MetalAmpPack/Bass_Dirt_GainKnob.json
15,Bass_Dirt_GainKnob_cond-1.00-out.wav,Proteus_Tone_Packs/MetalAmpPack/Bass_Dirt_GainKnob.json
16,Bass_Rack_GainKnob_cond-0.00-out.wav,Proteus_Tone_Packs/MetalAmpPack/Bass_Rack_GainKnob.json
17,Bass_Rack_GainKnob_cond-0.25-out.wav,Proteus_Tone_Packs/MetalAmpPack/Bass_Rack_GainKnob.json
18,Bass_Rack_GainKnob_cond-0.50-out.wav,Proteus_Tone_Packs/MetalAmpPack/Bass_Rack_GainKnob.json
19,Bass_Rack_GainKnob_cond-0.75-out.wav,Proteus_Tone_Packs/MetalAmpPack/Bass_Rack_GainKnob.json
20,Bass_Rack_GainKnob_cond-1.00-out.wav,Proteus_Tone_Packs/MetalAmpPack/Bass_Rack_GainKnob.json
21,Djent_Amp_GainKnob_cond-0.00-out.wav,Proteus_Tone_Packs/MetalAmpPack/Djent_Amp_GainKnob.json
22,Djent_Amp_GainKnob_cond-0.25-out.wav,Proteus_Tone_Packs/MetalAmpPack/Djent_Amp_GainKnob.json
23,Djent_Amp_GainKnob_cond-0.50-out.wav,Proteus_Tone_Packs/MetalAmpPack/Djent_Amp_GainKnob.json
24,Djent_Amp_GainKnob_cond-0.75-out.wav,Proteus_Tone_Packs/MetalAmpPack/Djent_Amp_GainKnob.json
25,Djent_Amp_GainKnob_cond-1.00-out.wav,Proteus_Tone_Packs/MetalAmpPack/Djent_Amp_GainKnob.json
26,SLO_Crunch_GainKnob_cond-0.00-out.wav,Proteus_Tone_Packs/MetalAmpPack/SLO_Crunch_GainKnob.json
27,SLO_Crunch_GainKnob_cond-0.25-out.wav,Proteus_Tone_Packs/MetalAmpPack/SLO_Crunch_GainKnob.json
28,SLO_Crunch_GainKnob_cond-0.50-out.wav,Proteus_Tone_Packs/MetalAmpPack/SLO_Crunch_GainKnob.json
29,SLO_Crunch_GainKnob_cond-0.75-out.wav,Proteus_Tone_Packs/MetalAmpPack/SLO_Crunch_GainKnob.json
30,SLO_Crunch_GainKnob_cond-1.00-out.wav,Proteus_Tone_Packs/MetalAmpPack/SLO_Crunch_GainKnob.json
31,Bass_Clean_GainKnob_cond-0.00-out.wav,Proteus_Tone_Packs/MetalAmpPack/Bass_Clean_GainKnob.json
32,Bass_Clean_GainKnob_cond-0.25-out.wav,Proteus_Tone_Packs/MetalAmpPack/Bass_Clean_GainKnob.json
33,Bass_Clean_GainKnob_cond-0.50-out.wav,Proteus_Tone_Packs/MetalAmpPack/Bass_Clean_GainKnob.json
34,Bass_Clean_GainKnob_cond-0.75-out.wav,Proteus_Tone_Packs/MetalAmpPack/Bass_Clean_GainKnob.json
35,Bass_Clean_GainKnob_cond-1.00-out.wav,Proteus_Tone_Packs/MetalAmpPack/Bass_Clean_GainKnob.json
36,recClean_GainKnob_cond-0.00-out.wav,Proteus_Tone_Packs/MetalAmpPack/recClean_GainKnob.json
37,recClean_GainKnob_cond-0.25-out.wav,Proteus_Tone_Packs/MetalAmpPack/recClean_GainKnob.json
38,recClean_GainKnob_cond-0.50-out.wav,Proteus_Tone_Packs/MetalAmpPack/recClean_GainKnob.json
39,recClean_GainKnob_cond-0.75-out.wav,Proteus_Tone_Packs/MetalAmpPack/recClean_GainKnob.json
40,recClean_GainKnob_cond-1.00-out.wav,Proteus_Tone_Packs/MetalAmpPack/recClean_GainKnob.json
41,PRS-Archon_Flat_GainKnob_cond-0.00-out.wav,Proteus_Tone_Packs/MetalAmpPack/PRS-Archon_Flat_GainKnob.json
42,PRS-Archon_Flat_GainKnob_cond-0.25-out.wav,Proteus_Tone_Packs/MetalAmpPack/PRS-Archon_Flat_GainKnob.json
43,PRS-Archon_Flat_GainKnob_cond-0.50-out.wav,Proteus_Tone_Packs/MetalAmpPack/PRS-Archon_Flat_GainKnob.json
44,PRS-Archon_Flat_GainKnob_cond-0.75-out.wav,Proteus_Tone_Packs/MetalAmpPack/PRS-Archon_Flat_GainKnob.json
45,PRS-Archon_Flat_GainKnob_cond-1.00-out.wav,Proteus_Tone_Packs/MetalAmpPack/PRS-Archon_Flat_GainKnob.json
46,recVintage_GainKnob_cond-0.00-out.wav,Proteus_Tone_Packs/MetalAmpPack/recVintage_GainKnob.json
47,recVintage_GainKnob_cond-0.25-out.wav,Proteus_Tone_Packs/MetalAmpPack/recVintage_GainKnob.json
48,recVintage_GainKnob_cond-0.50-out.wav,Proteus_Tone_Packs/MetalAmpPack/recVintage_GainKnob.json
49,recVintage_GainKnob_cond-0.75-out.wav,Proteus_Tone_Packs/MetalAmpPack/recVintage_GainKnob.json
50,recVintage_GainKnob_cond-1.00-out.wav,Proteus_Tone_Packs/MetalAmpPack/recVintage_GainKnob.json
51,SLO_HighGain_GainKnob_cond-0.00-out.wav,Proteus_Tone_Packs/MetalAmpPack/SLO_HighGain_GainKnob.json
52,SLO_HighGain_GainKnob_cond-0.25-out.wav,Proteus_Tone_Packs/MetalAmpPack/SLO_HighGain_GainKnob.json
53,SLO_HighGain_GainKnob_cond-0.50-out.wav,Proteus_Tone_Packs/MetalAmpPack/SLO_HighGain_GainKnob.json
54,SLO_HighGain_GainKnob_cond-0.75-out.wav,Proteus_Tone_Packs/MetalAmpPack/SLO_HighGain_GainKnob.json
55,SLO_HighGain_GainKnob_cond-1.00-out.wav,Proteus_Tone_Packs/MetalAmpPack/SLO_HighGain_GainKnob.json
56,SLO_Clean_GainKnob_cond-0.00-out.wav,Proteus_Tone_Packs/MetalAmpPack/SLO_Clean_GainKnob.json
57,SLO_Clean_GainKnob_cond-0.25-out.wav,Proteus_Tone_Packs/MetalAmpPack/SLO_Clean_GainKnob.json
58,SLO_Clean_GainKnob_cond-0.50-out.wav,Proteus_Tone_Packs/MetalAmpPack/SLO_Clean_GainKnob.json
59,SLO_Clean_GainKnob_cond-0.75-out.wav,Proteus_Tone_Packs/MetalAmpPack/SLO_Clean_GainKnob.json
60,SLO_Clean_GainKnob_cond-1.00-out.wav,Proteus_Tone_Packs/MetalAmpPack/SLO_Clean_GainKnob.json
61,Supro_Bold_DriveKnob_cond-0.00-out.wav,Proteus_Tone_Packs/PedalPack1/Supro_Bold_DriveKnob.json
62,Supro_Bold_DriveKnob_cond-0.25-out.wav,Proteus_Tone_Packs/PedalPack1/Supro_Bold_DriveKnob.json
63,Supro_Bold_DriveKnob_cond-0.50-out.wav,Proteus_Tone_Packs/PedalPack1/Supro_Bold_DriveKnob.json
64,Supro_Bold_DriveKnob_cond-0.75-out.wav,Proteus_Tone_Packs/PedalPack1/Supro_Bold_DriveKnob.json
65,Supro_Bold_DriveKnob_cond-1.00-out.wav,Proteus_Tone_Packs/PedalPack1/Supro_Bold_DriveKnob.json
66,Benson_Chimera_clone_GainKnob_cond-0.00-out.wav,Proteus_Tone_Packs/PedalPack1/Benson_Chimera_clone_GainKnob.json
67,Benson_Chimera_clone_GainKnob_cond-0.25-out.wav,Proteus_Tone_Packs/PedalPack1/Benson_Chimera_clone_GainKnob.json
68,Benson_Chimera_clone_GainKnob_cond-0.50-out.wav,Proteus_Tone_Packs/PedalPack1/Benson_Chimera_clone_GainKnob.json
69,Benson_Chimera_clone_GainKnob_cond-0.75-out.wav,Proteus_Tone_Packs/PedalPack1/Benson_Chimera_clone_GainKnob.json
70,Benson_Chimera_clone_GainKnob_cond-1.00-out.wav,Proteus_Tone_Packs/PedalPack1/Benson_Chimera_clone_GainKnob.json
71,Victory_CountessOD_GainKnob_cond-0.00-out.wav,Proteus_Tone_Packs/PedalPack1/Victory_CountessOD_GainKnob.json
72,Victory_CountessOD_GainKnob_cond-0.25-out.wav,Proteus_Tone_Packs/PedalPack1/Victory_CountessOD_GainKnob.json
73,Victory_CountessOD_GainKnob_cond-0.50-out.wav,Proteus_Tone_Packs/PedalPack1/Victory_CountessOD_GainKnob.json
74,Victory_CountessOD_GainKnob_cond-0.75-out.wav,Proteus_Tone_Packs/PedalPack1/Victory_CountessOD_GainKnob.json
75,Victory_CountessOD_GainKnob_cond-1.00-out.wav,Proteus_Tone_Packs/PedalPack1/Victory_CountessOD_GainKnob.json
76,RockmanAcoustic_Pedal-out.wav,Proteus_Tone_Packs/PedalPack1/RockmanAcoustic_Pedal.json
77,MXR78_pedal_DistKnob_cond-0.00-out.wav,Proteus_Tone_Packs/PedalPack1/MXR78_pedal_DistKnob.json
78,MXR78_pedal_DistKnob_cond-0.25-out.wav,Proteus_Tone_Packs/PedalPack1/MXR78_pedal_DistKnob.json
79,MXR78_pedal_DistKnob_cond-0.50-out.wav,Proteus_Tone_Packs/PedalPack1/MXR78_pedal_DistKnob.json
80,MXR78_pedal_DistKnob_cond-0.75-out.wav,Proteus_Tone_Packs/PedalPack1/MXR78_pedal_DistKnob.json
81,MXR78_pedal_DistKnob_cond-1.00-out.wav,Proteus_Tone_Packs/PedalPack1/MXR78_pedal_DistKnob.json
82,LittleBigMuff_HighGainPedal-out.wav,Proteus_Tone_Packs/PedalPack1/LittleBigMuff_HighGainPedal.json
83,Bogner_EcstasyBlue_GainKnob_cond-0.00-out.wav,Proteus_Tone_Packs/PedalPack1/Bogner_EcstasyBlue_GainKnob.json
84,Bogner_EcstasyBlue_GainKnob_cond-0.25-out.wav,Proteus_Tone_Packs/PedalPack1/Bogner_EcstasyBlue_GainKnob.json
85,Bogner_EcstasyBlue_GainKnob_cond-0.50-out.wav,Proteus_Tone_Packs/PedalPack1/Bogner_EcstasyBlue_GainKnob.json
86,Bogner_EcstasyBlue_GainKnob_cond-0.75-out.wav,Proteus_Tone_Packs/PedalPack1/Bogner_EcstasyBlue_GainKnob.json
87,Bogner_EcstasyBlue_GainKnob_cond-1.00-out.wav,Proteus_Tone_Packs/PedalPack1/Bogner_EcstasyBlue_GainKnob.json
88,ProteinGreen_pedal_DriveKnob_cond-0.00-out.wav,Proteus_Tone_Packs/PedalPack1/ProteinGreen_pedal_DriveKnob.json
89,ProteinGreen_pedal_DriveKnob_cond-0.25-out.wav,Proteus_Tone_Packs/PedalPack1/ProteinGreen_pedal_DriveKnob.json
90,ProteinGreen_pedal_DriveKnob_cond-0.50-out.wav,Proteus_Tone_Packs/PedalPack1/ProteinGreen_pedal_DriveKnob.json
91,ProteinGreen_pedal_DriveKnob_cond-0.75-out.wav,Proteus_Tone_Packs/PedalPack1/ProteinGreen_pedal_DriveKnob.json
92,ProteinGreen_pedal_DriveKnob_cond-1.00-out.wav,Proteus_Tone_Packs/PedalPack1/ProteinGreen_pedal_DriveKnob.json
93,FriedmanSmallBox_GainKnob_cond-0.00-out.wav,Proteus_Tone_Packs/PedalPack1/FriedmanSmallBox_GainKnob.json
94,FriedmanSmallBox_GainKnob_cond-0.25-out.wav,Proteus_Tone_Packs/PedalPack1/FriedmanSmallBox_GainKnob.json
95,FriedmanSmallBox_GainKnob_cond-0.50-out.wav,Proteus_Tone_Packs/PedalPack1/FriedmanSmallBox_GainKnob.json
96,FriedmanSmallBox_GainKnob_cond-0.75-out.wav,Proteus_Tone_Packs/PedalPack1/FriedmanSmallBox_GainKnob.json
97,FriedmanSmallBox_GainKnob_cond-1.00-out.wav,Proteus_Tone_Packs/PedalPack1/FriedmanSmallBox_GainKnob.json
98,PlexiBreed_JTM_pedal-out.wav,Proteus_Tone_Packs/PedalPack1/PlexiBreed_JTM_pedal.json
99,Mooer_CaliMkIV_GainKnob_cond-0.00-out.wav,Proteus_Tone_Packs/PedalPack1/Mooer_CaliMkIV_GainKnob.json
100,Mooer_CaliMkIV_GainKnob_cond-0.25-out.wav,Proteus_Tone_Packs/PedalPack1/Mooer_CaliMkIV_GainKnob.json
101,Mooer_CaliMkIV_GainKnob_cond-0.50-out.wav,Proteus_Tone_Packs/PedalPack1/Mooer_CaliMkIV_GainKnob.json
102,Mooer_CaliMkIV_GainKnob_cond-0.75-out.wav,Proteus_Tone_Packs/PedalPack1/Mooer_CaliMkIV_GainKnob.json
103,Mooer_CaliMkIV_GainKnob_cond-1.00-out.wav,Proteus_Tone_Packs/PedalPack1/Mooer_CaliMkIV_GainKnob.json
104,UA_RubyKC_BoostKnob_cond-0.00-out.wav,Proteus_Tone_Packs/PedalPack1/UA_RubyKC_BoostKnob.json
105,UA_RubyKC_BoostKnob_cond-0.25-out.wav,Proteus_Tone_Packs/PedalPack1/UA_RubyKC_BoostKnob.json
106,UA_RubyKC_BoostKnob_cond-0.50-out.wav,Proteus_Tone_Packs/PedalPack1/UA_RubyKC_BoostKnob.json
107,UA_RubyKC_BoostKnob_cond-0.75-out.wav,Proteus_Tone_Packs/PedalPack1/UA_RubyKC_BoostKnob.json
108,UA_RubyKC_BoostKnob_cond-1.00-out.wav,Proteus_Tone_Packs/PedalPack1/UA_RubyKC_BoostKnob.json
109,SweetCream_pedal_GainKnob-out.wav,Proteus_Tone_Packs/PedalPack1/SweetCream_pedal_GainKnob.json
110,XoticBB_pedal_GainKnob_cond-0.00-out.wav,Proteus_Tone_Packs/PedalPack1/XoticBB_pedal_GainKnob.json
111,XoticBB_pedal_GainKnob_cond-0.25-out.wav,Proteus_Tone_Packs/PedalPack1/XoticBB_pedal_GainKnob.json
112,XoticBB_pedal_GainKnob_cond-0.50-out.wav,Proteus_Tone_Packs/PedalPack1/XoticBB_pedal_GainKnob.json
113,XoticBB_pedal_GainKnob_cond-0.75-out.wav,Proteus_Tone_Packs/PedalPack1/XoticBB_pedal_GainKnob.json
114,XoticBB_pedal_GainKnob_cond-1.00-out.wav,Proteus_Tone_Packs/PedalPack1/XoticBB_pedal_GainKnob.json
115,RevvG4_Red_DriveKnob_cond-0.00-out.wav,Proteus_Tone_Packs/PedalPack1/RevvG4_Red_DriveKnob.json
116,RevvG4_Red_DriveKnob_cond-0.25-out.wav,Proteus_Tone_Packs/PedalPack1/RevvG4_Red_DriveKnob.json
117,RevvG4_Red_DriveKnob_cond-0.50-out.wav,Proteus_Tone_Packs/PedalPack1/RevvG4_Red_DriveKnob.json
118,RevvG4_Red_DriveKnob_cond-0.75-out.wav,Proteus_Tone_Packs/PedalPack1/RevvG4_Red_DriveKnob.json
119,RevvG4_Red_DriveKnob_cond-1.00-out.wav,Proteus_Tone_Packs/PedalPack1/RevvG4_Red_DriveKnob.json
120,ProteinBlue_pedal_DriveKnob_cond-0.00-out.wav,Proteus_Tone_Packs/PedalPack1/ProteinBlue_pedal_DriveKnob.json
121,ProteinBlue_pedal_DriveKnob_cond-0.25-out.wav,Proteus_Tone_Packs/PedalPack1/ProteinBlue_pedal_DriveKnob.json
122,ProteinBlue_pedal_DriveKnob_cond-0.50-out.wav,Proteus_Tone_Packs/PedalPack1/ProteinBlue_pedal_DriveKnob.json
123,ProteinBlue_pedal_DriveKnob_cond-0.75-out.wav,Proteus_Tone_Packs/PedalPack1/ProteinBlue_pedal_DriveKnob.json
124,ProteinBlue_pedal_DriveKnob_cond-1.00-out.wav,Proteus_Tone_Packs/PedalPack1/ProteinBlue_pedal_DriveKnob.json
125,XComp_Pedal-out.wav,Proteus_Tone_Packs/PedalPack1/XComp_Pedal.json
126,TS9_HighDrive-out.wav,Proteus_Tone_Packs/PedalPack1/TS9_HighDrive.json
127,TS9_DriveKnob_cond-0.00-out.wav,Proteus_Tone_Packs/PedalPack1/TS9_DriveKnob.json
128,TS9_DriveKnob_cond-0.25-out.wav,Proteus_Tone_Packs/PedalPack1/TS9_DriveKnob.json
129,TS9_DriveKnob_cond-0.50-out.wav,Proteus_Tone_Packs/PedalPack1/TS9_DriveKnob.json
130,TS9_DriveKnob_cond-0.75-out.wav,Proteus_Tone_Packs/PedalPack1/TS9_DriveKnob.json
131,TS9_DriveKnob_cond-1.00-out.wav,Proteus_Tone_Packs/PedalPack1/TS9_DriveKnob.json
132,ProcoRatPedal_HighGain-out.wav,Proteus_Tone_Packs/PedalPack1/ProcoRatPedal_HighGain.json
133,GoatPedal_HighGain-out.wav,Proteus_Tone_Packs/PedalPack1/GoatPedal_HighGain.json
134,Barber_GC_GainKnob_cond-0.00-out.wav,Proteus_Tone_Packs/PedalPack1/Barber_GC_GainKnob.json
135,Barber_GC_GainKnob_cond-0.25-out.wav,Proteus_Tone_Packs/PedalPack1/Barber_GC_GainKnob.json
136,Barber_GC_GainKnob_cond-0.50-out.wav,Proteus_Tone_Packs/PedalPack1/Barber_GC_GainKnob.json
137,Barber_GC_GainKnob_cond-0.75-out.wav,Proteus_Tone_Packs/PedalPack1/Barber_GC_GainKnob.json
138,Barber_GC_GainKnob_cond-1.00-out.wav,Proteus_Tone_Packs/PedalPack1/Barber_GC_GainKnob.json
139,BossMT2_PedalHighGain-out.wav,Proteus_Tone_Packs/PedalPack1/BossMT2_PedalHighGain.json
140,EffectrodeBlackbirdClassic-out.wav,Proteus_Tone_Packs/PedalPack4/EffectrodeBlackbirdClassic.json
141,EffectrodeBlackbirdCreamy_GainKnob_cond-0.00-out.wav,Proteus_Tone_Packs/PedalPack4/EffectrodeBlackbirdCreamy_GainKnob.json
142,EffectrodeBlackbirdCreamy_GainKnob_cond-0.25-out.wav,Proteus_Tone_Packs/PedalPack4/EffectrodeBlackbirdCreamy_GainKnob.json
143,EffectrodeBlackbirdCreamy_GainKnob_cond-0.50-out.wav,Proteus_Tone_Packs/PedalPack4/EffectrodeBlackbirdCreamy_GainKnob.json
144,EffectrodeBlackbirdCreamy_GainKnob_cond-0.75-out.wav,Proteus_Tone_Packs/PedalPack4/EffectrodeBlackbirdCreamy_GainKnob.json
145,EffectrodeBlackbirdCreamy_GainKnob_cond-1.00-out.wav,Proteus_Tone_Packs/PedalPack4/EffectrodeBlackbirdCreamy_GainKnob.json
146,DigitechDF-7_DOD250-out.wav,Proteus_Tone_Packs/PedalPack4/DigitechDF-7_DOD250.json
147,TS7_modified_HotMode-out.wav,Proteus_Tone_Packs/PedalPack4/TS7_modified_HotMode.json
148,Ibanez808TubeScreamer-out.wav,Proteus_Tone_Packs/PedalPack4/Ibanez808TubeScreamer.json
149,JoyoExtremeMetalBoostOn-out.wav,Proteus_Tone_Packs/PedalPack4/JoyoExtremeMetalBoostOn.json
150,RatsbaneStandardV1-out.wav,Proteus_Tone_Packs/PedalPack4/RatsbaneStandardV1.json
151,JoyoAmericanSound-out.wav,Proteus_Tone_Packs/PedalPack4/JoyoAmericanSound.json
152,DODGrunge-out.wav,Proteus_Tone_Packs/PedalPack4/DODGrunge.json
153,DOD_AmericanMetalEQ_Knob_cond-0.00-out.wav,Proteus_Tone_Packs/PedalPack4/DOD_AmericanMetalEQ_Knob.json
154,DOD_AmericanMetalEQ_Knob_cond-0.25-out.wav,Proteus_Tone_Packs/PedalPack4/DOD_AmericanMetalEQ_Knob.json
155,DOD_AmericanMetalEQ_Knob_cond-0.50-out.wav,Proteus_Tone_Packs/PedalPack4/DOD_AmericanMetalEQ_Knob.json
156,DOD_AmericanMetalEQ_Knob_cond-0.75-out.wav,Proteus_Tone_Packs/PedalPack4/DOD_AmericanMetalEQ_Knob.json
157,DOD_AmericanMetalEQ_Knob_cond-1.00-out.wav,Proteus_Tone_Packs/PedalPack4/DOD_AmericanMetalEQ_Knob.json
158,JoyoExtremeMetal-out.wav,Proteus_Tone_Packs/PedalPack4/JoyoExtremeMetal.json
159,DigitechDF-7_BigMuff-out.wav,Proteus_Tone_Packs/PedalPack4/DigitechDF-7_BigMuff.json
160,WamplerThirtySomething15BoostON-out.wav,Proteus_Tone_Packs/PedalPack4/WamplerThirtySomething15BoostON.json
161,HustleDriveLP-out.wav,Proteus_Tone_Packs/PedalPack4/HustleDriveLP.json
162,DigitechDF-7_DS1-out.wav,Proteus_Tone_Packs/PedalPack4/DigitechDF-7_DS1.json
163,JoyoBritishSound-out.wav,Proteus_Tone_Packs/PedalPack4/JoyoBritishSound.json
164,BigMuffWicker_on-out.wav,Proteus_Tone_Packs/PedalPack4/BigMuffWicker_on.json
165,WamplerAceThirtyFullGain-out.wav,Proteus_Tone_Packs/PedalPack4/WamplerAceThirtyFullGain.json
166,DigitechDF-7_MetalMaster-out.wav,Proteus_Tone_Packs/PedalPack4/DigitechDF-7_MetalMaster.json
167,DOD_AmericanMetal_GainKnob_cond-0.00-out.wav,Proteus_Tone_Packs/PedalPack4/DOD_AmericanMetal_GainKnob.json
168,DOD_AmericanMetal_GainKnob_cond-0.25-out.wav,Proteus_Tone_Packs/PedalPack4/DOD_AmericanMetal_GainKnob.json
169,DOD_AmericanMetal_GainKnob_cond-0.50-out.wav,Proteus_Tone_Packs/PedalPack4/DOD_AmericanMetal_GainKnob.json
170,DOD_AmericanMetal_GainKnob_cond-0.75-out.wav,Proteus_Tone_Packs/PedalPack4/DOD_AmericanMetal_GainKnob.json
171,DOD_AmericanMetal_GainKnob_cond-1.00-out.wav,Proteus_Tone_Packs/PedalPack4/DOD_AmericanMetal_GainKnob.json
172,EffectrodeBlackbirdClean-out.wav,Proteus_Tone_Packs/PedalPack4/EffectrodeBlackbirdClean.json
173,TS7_modified_TS9Mode-out.wav,Proteus_Tone_Packs/PedalPack4/TS7_modified_TS9Mode.json
174,HustleDriveLP_Knob_cond-0.00-out.wav,Proteus_Tone_Packs/PedalPack4/HustleDriveLP_Knob.json
175,HustleDriveLP_Knob_cond-0.25-out.wav,Proteus_Tone_Packs/PedalPack4/HustleDriveLP_Knob.json
176,HustleDriveLP_Knob_cond-0.50-out.wav,Proteus_Tone_Packs/PedalPack4/HustleDriveLP_Knob.json
177,HustleDriveLP_Knob_cond-0.75-out.wav,Proteus_Tone_Packs/PedalPack4/HustleDriveLP_Knob.json
178,HustleDriveLP_Knob_cond-1.00-out.wav,Proteus_Tone_Packs/PedalPack4/HustleDriveLP_Knob.json
179,EffectrodeBlackbirdCreamy-out.wav,Proteus_Tone_Packs/PedalPack4/EffectrodeBlackbirdCreamy.json
180,HustleDriveHP-out.wav,Proteus_Tone_Packs/PedalPack4/HustleDriveHP.json
181,DODAmericanMetal-out.wav,Proteus_Tone_Packs/PedalPack4/DODAmericanMetal.json
182,DarkglassB7KUltra_EdoardoNapoli-out.wav,Proteus_Tone_Packs/PedalPack4/DarkglassB7KUltra_EdoardoNapoli.json
183,DOD_Grunge_GainKnob_cond-0.00-out.wav,Proteus_Tone_Packs/PedalPack4/DOD_Grunge_GainKnob.json
184,DOD_Grunge_GainKnob_cond-0.25-out.wav,Proteus_Tone_Packs/PedalPack4/DOD_Grunge_GainKnob.json
185,DOD_Grunge_GainKnob_cond-0.50-out.wav,Proteus_Tone_Packs/PedalPack4/DOD_Grunge_GainKnob.json
186,DOD_Grunge_GainKnob_cond-0.75-out.wav,Proteus_Tone_Packs/PedalPack4/DOD_Grunge_GainKnob.json
187,DOD_Grunge_GainKnob_cond-1.00-out.wav,Proteus_Tone_Packs/PedalPack4/DOD_Grunge_GainKnob.json
188,DigitechDF-7_TS9-out.wav,Proteus_Tone_Packs/PedalPack4/DigitechDF-7_TS9.json
189,DigitechDF-7_MT2-out.wav,Proteus_Tone_Packs/PedalPack4/DigitechDF-7_MT2.json
190,DigitechDF-7_Rat-out.wav,Proteus_Tone_Packs/PedalPack4/DigitechDF-7_Rat.json
191,HustleDriveHP_Knob_cond-0.00-out.wav,Proteus_Tone_Packs/PedalPack4/HustleDriveHP_Knob.json
192,HustleDriveHP_Knob_cond-0.25-out.wav,Proteus_Tone_Packs/PedalPack4/HustleDriveHP_Knob.json
193,HustleDriveHP_Knob_cond-0.50-out.wav,Proteus_Tone_Packs/PedalPack4/HustleDriveHP_Knob.json
194,HustleDriveHP_Knob_cond-0.75-out.wav,Proteus_Tone_Packs/PedalPack4/HustleDriveHP_Knob.json
195,HustleDriveHP_Knob_cond-1.00-out.wav,Proteus_Tone_Packs/PedalPack4/HustleDriveHP_Knob.json
196,WildFire_Pedal_GainKnob_cond-0.00-out.wav,Proteus_Tone_Packs/PedalPack2/WildFire_Pedal_GainKnob.json
197,WildFire_Pedal_GainKnob_cond-0.25-out.wav,Proteus_Tone_Packs/PedalPack2/WildFire_Pedal_GainKnob.json
198,WildFire_Pedal_GainKnob_cond-0.50-out.wav,Proteus_Tone_Packs/PedalPack2/WildFire_Pedal_GainKnob.json
199,WildFire_Pedal_GainKnob_cond-0.75-out.wav,Proteus_Tone_Packs/PedalPack2/WildFire_Pedal_GainKnob.json
200,WildFire_Pedal_GainKnob_cond-1.00-out.wav,Proteus_Tone_Packs/PedalPack2/WildFire_Pedal_GainKnob.json
201,Guvnor_Pedal_GainKnob_cond-0.00-out.wav,Proteus_Tone_Packs/PedalPack2/Guvnor_Pedal_GainKnob.json
202,Guvnor_Pedal_GainKnob_cond-0.25-out.wav,Proteus_Tone_Packs/PedalPack2/Guvnor_Pedal_GainKnob.json
203,Guvnor_Pedal_GainKnob_cond-0.50-out.wav,Proteus_Tone_Packs/PedalPack2/Guvnor_Pedal_GainKnob.json
204,Guvnor_Pedal_GainKnob_cond-0.75-out.wav,Proteus_Tone_Packs/PedalPack2/Guvnor_Pedal_GainKnob.json
205,Guvnor_Pedal_GainKnob_cond-1.00-out.wav,Proteus_Tone_Packs/PedalPack2/Guvnor_Pedal_GainKnob.json
206,PureSky_Pedal_GainKnob_cond-0.00-out.wav,Proteus_Tone_Packs/PedalPack2/PureSky_Pedal_GainKnob.json
207,PureSky_Pedal_GainKnob_cond-0.25-out.wav,Proteus_Tone_Packs/PedalPack2/PureSky_Pedal_GainKnob.json
208,PureSky_Pedal_GainKnob_cond-0.50-out.wav,Proteus_Tone_Packs/PedalPack2/PureSky_Pedal_GainKnob.json
209,PureSky_Pedal_GainKnob_cond-0.75-out.wav,Proteus_Tone_Packs/PedalPack2/PureSky_Pedal_GainKnob.json
210,PureSky_Pedal_GainKnob_cond-1.00-out.wav,Proteus_Tone_Packs/PedalPack2/PureSky_Pedal_GainKnob.json
211,Broadcast_Pedal_GainKnob_cond-0.00-out.wav,Proteus_Tone_Packs/PedalPack2/Broadcast_Pedal_GainKnob.json
212,Broadcast_Pedal_GainKnob_cond-0.25-out.wav,Proteus_Tone_Packs/PedalPack2/Broadcast_Pedal_GainKnob.json
213,Broadcast_Pedal_GainKnob_cond-0.50-out.wav,Proteus_Tone_Packs/PedalPack2/Broadcast_Pedal_GainKnob.json
214,Broadcast_Pedal_GainKnob_cond-0.75-out.wav,Proteus_Tone_Packs/PedalPack2/Broadcast_Pedal_GainKnob.json
215,Broadcast_Pedal_GainKnob_cond-1.00-out.wav,Proteus_Tone_Packs/PedalPack2/Broadcast_Pedal_GainKnob.json
216,Colombo_Plexi_Knob_cond-0.00-out.wav,Proteus_Tone_Packs/PedalPack2/Colombo_Plexi_Knob.json
217,Colombo_Plexi_Knob_cond-0.25-out.wav,Proteus_Tone_Packs/PedalPack2/Colombo_Plexi_Knob.json
218,Colombo_Plexi_Knob_cond-0.50-out.wav,Proteus_Tone_Packs/PedalPack2/Colombo_Plexi_Knob.json
219,Colombo_Plexi_Knob_cond-0.75-out.wav,Proteus_Tone_Packs/PedalPack2/Colombo_Plexi_Knob.json
220,Colombo_Plexi_Knob_cond-1.00-out.wav,Proteus_Tone_Packs/PedalPack2/Colombo_Plexi_Knob.json
221,Ibanez_Mostortion_Clone_GainKnob_cond-0.00-out.wav,Proteus_Tone_Packs/PedalPack2/Ibanez_Mostortion_Clone_GainKnob.json
222,Ibanez_Mostortion_Clone_GainKnob_cond-0.25-out.wav,Proteus_Tone_Packs/PedalPack2/Ibanez_Mostortion_Clone_GainKnob.json
223,Ibanez_Mostortion_Clone_GainKnob_cond-0.50-out.wav,Proteus_Tone_Packs/PedalPack2/Ibanez_Mostortion_Clone_GainKnob.json
224,Ibanez_Mostortion_Clone_GainKnob_cond-0.75-out.wav,Proteus_Tone_Packs/PedalPack2/Ibanez_Mostortion_Clone_GainKnob.json
225,Ibanez_Mostortion_Clone_GainKnob_cond-1.00-out.wav,Proteus_Tone_Packs/PedalPack2/Ibanez_Mostortion_Clone_GainKnob.json
226,WildFire_Pedal-out.wav,Proteus_Tone_Packs/PedalPack2/WildFire_Pedal.json
227,1981_DistortionPedal_Knob_cond-0.00-out.wav,Proteus_Tone_Packs/PedalPack2/1981_DistortionPedal_Knob.json
228,1981_DistortionPedal_Knob_cond-0.25-out.wav,Proteus_Tone_Packs/PedalPack2/1981_DistortionPedal_Knob.json
229,1981_DistortionPedal_Knob_cond-0.50-out.wav,Proteus_Tone_Packs/PedalPack2/1981_DistortionPedal_Knob.json
230,1981_DistortionPedal_Knob_cond-0.75-out.wav,Proteus_Tone_Packs/PedalPack2/1981_DistortionPedal_Knob.json
231,1981_DistortionPedal_Knob_cond-1.00-out.wav,Proteus_Tone_Packs/PedalPack2/1981_DistortionPedal_Knob.json
232,BlueClipper_Pedal_Clone-out.wav,Proteus_Tone_Packs/PedalPack2/BlueClipper_Pedal_Clone.json
233,Ethos_TWE_Pedal_GainKnob_cond-0.00-out.wav,Proteus_Tone_Packs/PedalPack2/Ethos_TWE_Pedal_GainKnob.json
234,Ethos_TWE_Pedal_GainKnob_cond-0.25-out.wav,Proteus_Tone_Packs/PedalPack2/Ethos_TWE_Pedal_GainKnob.json
235,Ethos_TWE_Pedal_GainKnob_cond-0.50-out.wav,Proteus_Tone_Packs/PedalPack2/Ethos_TWE_Pedal_GainKnob.json
236,Ethos_TWE_Pedal_GainKnob_cond-0.75-out.wav,Proteus_Tone_Packs/PedalPack2/Ethos_TWE_Pedal_GainKnob.json
237,Ethos_TWE_Pedal_GainKnob_cond-1.00-out.wav,Proteus_Tone_Packs/PedalPack2/Ethos_TWE_Pedal_GainKnob.json
238,PureSky_Pedal_cond-0.00-out.wav,Proteus_Tone_Packs/PedalPack2/PureSky_Pedal.json
239,PureSky_Pedal_cond-0.25-out.wav,Proteus_Tone_Packs/PedalPack2/PureSky_Pedal.json
240,PureSky_Pedal_cond-0.50-out.wav,Proteus_Tone_Packs/PedalPack2/PureSky_Pedal.json
241,PureSky_Pedal_cond-0.75-out.wav,Proteus_Tone_Packs/PedalPack2/PureSky_Pedal.json
242,PureSky_Pedal_cond-1.00-out.wav,Proteus_Tone_Packs/PedalPack2/PureSky_Pedal.json
243,BSIAB_II_KitPedal_GainKnob_cond-0.00-out.wav,Proteus_Tone_Packs/PedalPack2/BSIAB_II_KitPedal_GainKnob.json
244,BSIAB_II_KitPedal_GainKnob_cond-0.25-out.wav,Proteus_Tone_Packs/PedalPack2/BSIAB_II_KitPedal_GainKnob.json
245,BSIAB_II_KitPedal_GainKnob_cond-0.50-out.wav,Proteus_Tone_Packs/PedalPack2/BSIAB_II_KitPedal_GainKnob.json
246,BSIAB_II_KitPedal_GainKnob_cond-0.75-out.wav,Proteus_Tone_Packs/PedalPack2/BSIAB_II_KitPedal_GainKnob.json
247,BSIAB_II_KitPedal_GainKnob_cond-1.00-out.wav,Proteus_Tone_Packs/PedalPack2/BSIAB_II_KitPedal_GainKnob.json
248,RevvG3_Pedal_GainKnob_cond-0.00-out.wav,Proteus_Tone_Packs/PedalPack2/RevvG3_Pedal_GainKnob.json
249,RevvG3_Pedal_GainKnob_cond-0.25-out.wav,Proteus_Tone_Packs/PedalPack2/RevvG3_Pedal_GainKnob.json
250,RevvG3_Pedal_GainKnob_cond-0.50-out.wav,Proteus_Tone_Packs/PedalPack2/RevvG3_Pedal_GainKnob.json
251,RevvG3_Pedal_GainKnob_cond-0.75-out.wav,Proteus_Tone_Packs/PedalPack2/RevvG3_Pedal_GainKnob.json
252,RevvG3_Pedal_GainKnob_cond-1.00-out.wav,Proteus_Tone_Packs/PedalPack2/RevvG3_Pedal_GainKnob.json
253,Bogner_XTC_ Mini_GainKnob_cond-0.00-out.wav,Proteus_Tone_Packs/PedalPack2/Bogner_XTC_ Mini_GainKnob.json
254,Bogner_XTC_ Mini_GainKnob_cond-0.25-out.wav,Proteus_Tone_Packs/PedalPack2/Bogner_XTC_ Mini_GainKnob.json
255,Bogner_XTC_ Mini_GainKnob_cond-0.50-out.wav,Proteus_Tone_Packs/PedalPack2/Bogner_XTC_ Mini_GainKnob.json
256,Bogner_XTC_ Mini_GainKnob_cond-0.75-out.wav,Proteus_Tone_Packs/PedalPack2/Bogner_XTC_ Mini_GainKnob.json
257,Bogner_XTC_ Mini_GainKnob_cond-1.00-out.wav,Proteus_Tone_Packs/PedalPack2/Bogner_XTC_ Mini_GainKnob.json
258,Tubeworks_RealTube_DriveKnob_cond-0.00-out.wav,Proteus_Tone_Packs/PedalPack2/Tubeworks_RealTube_DriveKnob.json
259,Tubeworks_RealTube_DriveKnob_cond-0.25-out.wav,Proteus_Tone_Packs/PedalPack2/Tubeworks_RealTube_DriveKnob.json
260,Tubeworks_RealTube_DriveKnob_cond-0.50-out.wav,Proteus_Tone_Packs/PedalPack2/Tubeworks_RealTube_DriveKnob.json
261,Tubeworks_RealTube_DriveKnob_cond-0.75-out.wav,Proteus_Tone_Packs/PedalPack2/Tubeworks_RealTube_DriveKnob.json
262,Tubeworks_RealTube_DriveKnob_cond-1.00-out.wav,Proteus_Tone_Packs/PedalPack2/Tubeworks_RealTube_DriveKnob.json
263,Friedman_BEOD_Pedal_GainKnob_cond-0.00-out.wav,Proteus_Tone_Packs/PedalPack2/Friedman_BEOD_Pedal_GainKnob.json
264,Friedman_BEOD_Pedal_GainKnob_cond-0.25-out.wav,Proteus_Tone_Packs/PedalPack2/Friedman_BEOD_Pedal_GainKnob.json
265,Friedman_BEOD_Pedal_GainKnob_cond-0.50-out.wav,Proteus_Tone_Packs/PedalPack2/Friedman_BEOD_Pedal_GainKnob.json
266,Friedman_BEOD_Pedal_GainKnob_cond-0.75-out.wav,Proteus_Tone_Packs/PedalPack2/Friedman_BEOD_Pedal_GainKnob.json
267,Friedman_BEOD_Pedal_GainKnob_cond-1.00-out.wav,Proteus_Tone_Packs/PedalPack2/Friedman_BEOD_Pedal_GainKnob.json
268,FatGeneral_Comp-out.wav,Proteus_Tone_Packs/PedalPack2/FatGeneral_Comp.json
269,Jekyl_and_Hyde_OD_DriveKnob_cond-0.00-out.wav,Proteus_Tone_Packs/PedalPack2/Jekyl_and_Hyde_OD_DriveKnob.json
270,Jekyl_and_Hyde_OD_DriveKnob_cond-0.25-out.wav,Proteus_Tone_Packs/PedalPack2/Jekyl_and_Hyde_OD_DriveKnob.json
271,Jekyl_and_Hyde_OD_DriveKnob_cond-0.50-out.wav,Proteus_Tone_Packs/PedalPack2/Jekyl_and_Hyde_OD_DriveKnob.json
272,Jekyl_and_Hyde_OD_DriveKnob_cond-0.75-out.wav,Proteus_Tone_Packs/PedalPack2/Jekyl_and_Hyde_OD_DriveKnob.json
273,Jekyl_and_Hyde_OD_DriveKnob_cond-1.00-out.wav,Proteus_Tone_Packs/PedalPack2/Jekyl_and_Hyde_OD_DriveKnob.json
274,Lightspeed_PedalClone_GainKnob_cond-0.00-out.wav,Proteus_Tone_Packs/PedalPack2/Lightspeed_PedalClone_GainKnob.json
275,Lightspeed_PedalClone_GainKnob_cond-0.25-out.wav,Proteus_Tone_Packs/PedalPack2/Lightspeed_PedalClone_GainKnob.json
276,Lightspeed_PedalClone_GainKnob_cond-0.50-out.wav,Proteus_Tone_Packs/PedalPack2/Lightspeed_PedalClone_GainKnob.json
277,Lightspeed_PedalClone_GainKnob_cond-0.75-out.wav,Proteus_Tone_Packs/PedalPack2/Lightspeed_PedalClone_GainKnob.json
278,Lightspeed_PedalClone_GainKnob_cond-1.00-out.wav,Proteus_Tone_Packs/PedalPack2/Lightspeed_PedalClone_GainKnob.json
279,JHS_AT_Pedal_GainKnob_cond-0.00-out.wav,Proteus_Tone_Packs/PedalPack2/JHS_AT_Pedal_GainKnob.json
280,JHS_AT_Pedal_GainKnob_cond-0.25-out.wav,Proteus_Tone_Packs/PedalPack2/JHS_AT_Pedal_GainKnob.json
281,JHS_AT_Pedal_GainKnob_cond-0.50-out.wav,Proteus_Tone_Packs/PedalPack2/JHS_AT_Pedal_GainKnob.json
282,JHS_AT_Pedal_GainKnob_cond-0.75-out.wav,Proteus_Tone_Packs/PedalPack2/JHS_AT_Pedal_GainKnob.json
283,JHS_AT_Pedal_GainKnob_cond-1.00-out.wav,Proteus_Tone_Packs/PedalPack2/JHS_AT_Pedal_GainKnob.json
284,Landgraff_Pedal_GainKnob_cond-0.00-out.wav,Proteus_Tone_Packs/PedalPack2/Landgraff_Pedal_GainKnob.json
285,Landgraff_Pedal_GainKnob_cond-0.25-out.wav,Proteus_Tone_Packs/PedalPack2/Landgraff_Pedal_GainKnob.json
286,Landgraff_Pedal_GainKnob_cond-0.50-out.wav,Proteus_Tone_Packs/PedalPack2/Landgraff_Pedal_GainKnob.json
287,Landgraff_Pedal_GainKnob_cond-0.75-out.wav,Proteus_Tone_Packs/PedalPack2/Landgraff_Pedal_GainKnob.json
288,Landgraff_Pedal_GainKnob_cond-1.00-out.wav,Proteus_Tone_Packs/PedalPack2/Landgraff_Pedal_GainKnob.json
289,BarberDD_Pedal_DriveKnob_cond-0.00-out.wav,Proteus_Tone_Packs/PedalPack2/BarberDD_Pedal_DriveKnob.json
290,BarberDD_Pedal_DriveKnob_cond-0.25-out.wav,Proteus_Tone_Packs/PedalPack2/BarberDD_Pedal_DriveKnob.json
291,BarberDD_Pedal_DriveKnob_cond-0.50-out.wav,Proteus_Tone_Packs/PedalPack2/BarberDD_Pedal_DriveKnob.json
292,BarberDD_Pedal_DriveKnob_cond-0.75-out.wav,Proteus_Tone_Packs/PedalPack2/BarberDD_Pedal_DriveKnob.json
293,BarberDD_Pedal_DriveKnob_cond-1.00-out.wav,Proteus_Tone_Packs/PedalPack2/BarberDD_Pedal_DriveKnob.json
294,ZenDrive_BlackMagic_DriveKnob_cond-0.00-out.wav,Proteus_Tone_Packs/PedalPack2/ZenDrive_BlackMagic_DriveKnob.json
295,ZenDrive_BlackMagic_DriveKnob_cond-0.25-out.wav,Proteus_Tone_Packs/PedalPack2/ZenDrive_BlackMagic_DriveKnob.json
296,ZenDrive_BlackMagic_DriveKnob_cond-0.50-out.wav,Proteus_Tone_Packs/PedalPack2/ZenDrive_BlackMagic_DriveKnob.json
297,ZenDrive_BlackMagic_DriveKnob_cond-0.75-out.wav,Proteus_Tone_Packs/PedalPack2/ZenDrive_BlackMagic_DriveKnob.json
298,ZenDrive_BlackMagic_DriveKnob_cond-1.00-out.wav,Proteus_Tone_Packs/PedalPack2/ZenDrive_BlackMagic_DriveKnob.json
299,Jeckyl_and_Hyde_Distortion_DriveKnob_cond-0.00-out.wav,Proteus_Tone_Packs/PedalPack2/Jeckyl_and_Hyde_Distortion_DriveKnob.json
300,Jeckyl_and_Hyde_Distortion_DriveKnob_cond-0.25-out.wav,Proteus_Tone_Packs/PedalPack2/Jeckyl_and_Hyde_Distortion_DriveKnob.json
301,Jeckyl_and_Hyde_Distortion_DriveKnob_cond-0.50-out.wav,Proteus_Tone_Packs/PedalPack2/Jeckyl_and_Hyde_Distortion_DriveKnob.json
302,Jeckyl_and_Hyde_Distortion_DriveKnob_cond-0.75-out.wav,Proteus_Tone_Packs/PedalPack2/Jeckyl_and_Hyde_Distortion_DriveKnob.json
303,Jeckyl_and_Hyde_Distortion_DriveKnob_cond-1.00-out.wav,Proteus_Tone_Packs/PedalPack2/Jeckyl_and_Hyde_Distortion_DriveKnob.json
304,Splawn_OD_FractalFM3_HighGain-out.wav,Proteus_Tone_Packs/AmpPack1/Splawn_OD_FractalFM3_HighGain.json
305,BlackstarHT40_AmpHighGain-out.wav,Proteus_Tone_Packs/AmpPack1/BlackstarHT40_AmpHighGain.json
306,Mesa_IICplus_DriveKnob_DirectOut_cond-0.00-out.wav,Proteus_Tone_Packs/AmpPack1/Mesa_IICplus_DriveKnob_DirectOut.json
307,Mesa_IICplus_DriveKnob_DirectOut_cond-0.25-out.wav,Proteus_Tone_Packs/AmpPack1/Mesa_IICplus_DriveKnob_DirectOut.json
308,Mesa_IICplus_DriveKnob_DirectOut_cond-0.50-out.wav,Proteus_Tone_Packs/AmpPack1/Mesa_IICplus_DriveKnob_DirectOut.json
309,Mesa_IICplus_DriveKnob_DirectOut_cond-0.75-out.wav,Proteus_Tone_Packs/AmpPack1/Mesa_IICplus_DriveKnob_DirectOut.json
310,Mesa_IICplus_DriveKnob_DirectOut_cond-1.00-out.wav,Proteus_Tone_Packs/AmpPack1/Mesa_IICplus_DriveKnob_DirectOut.json
311,DumbleKit_LowG_DirectOut-out.wav,Proteus_Tone_Packs/AmpPack1/DumbleKit_LowG_DirectOut.json
312,BluesJrAmp_VolKnob_cond-0.00-out.wav,Proteus_Tone_Packs/AmpPack1/BluesJrAmp_VolKnob.json
313,BluesJrAmp_VolKnob_cond-0.25-out.wav,Proteus_Tone_Packs/AmpPack1/BluesJrAmp_VolKnob.json
314,BluesJrAmp_VolKnob_cond-0.50-out.wav,Proteus_Tone_Packs/AmpPack1/BluesJrAmp_VolKnob.json
315,BluesJrAmp_VolKnob_cond-0.75-out.wav,Proteus_Tone_Packs/AmpPack1/BluesJrAmp_VolKnob.json
316,BluesJrAmp_VolKnob_cond-1.00-out.wav,Proteus_Tone_Packs/AmpPack1/BluesJrAmp_VolKnob.json
317,MesaIICplus_Drive8_5EQoff-out.wav,Proteus_Tone_Packs/AmpPack1/MesaIICplus_Drive8_5EQoff.json
318,PrincetonAmp_Clean-out.wav,Proteus_Tone_Packs/AmpPack1/PrincetonAmp_Clean.json
319,DumbleKit_HighG_DirectOut-out.wav,Proteus_Tone_Packs/AmpPack1/DumbleKit_HighG_DirectOut.json
320,BlackstarHT40_AmpClean-out.wav,Proteus_Tone_Packs/AmpPack1/BlackstarHT40_AmpClean.json
321,MesaMiniRec_HighGain_DirectOut-out.wav,Proteus_Tone_Packs/AmpPack1/MesaMiniRec_HighGain_DirectOut.json
322,6505Plus_Red_DirectOut-out.wav,Proteus_Tone_Packs/AmpPack1/6505Plus_Red_DirectOut.json
323,MatchlessSC30_Ch1_DirectOut-out.wav,Proteus_Tone_Packs/AmpPack1/MatchlessSC30_Ch1_DirectOut.json
324,BlackstarHT40_GainKnob_SM57mic_cond-0.00-out.wav,Proteus_Tone_Packs/AmpPack1/BlackstarHT40_GainKnob_SM57mic.json
325,BlackstarHT40_GainKnob_SM57mic_cond-0.25-out.wav,Proteus_Tone_Packs/AmpPack1/BlackstarHT40_GainKnob_SM57mic.json
326,BlackstarHT40_GainKnob_SM57mic_cond-0.50-out.wav,Proteus_Tone_Packs/AmpPack1/BlackstarHT40_GainKnob_SM57mic.json
327,BlackstarHT40_GainKnob_SM57mic_cond-0.75-out.wav,Proteus_Tone_Packs/AmpPack1/BlackstarHT40_GainKnob_SM57mic.json
328,BlackstarHT40_GainKnob_SM57mic_cond-1.00-out.wav,Proteus_Tone_Packs/AmpPack1/BlackstarHT40_GainKnob_SM57mic.json
329,EthosLeadChan_GainKnob_cond-0.00-out.wav,Proteus_Tone_Packs/AmpPack1/EthosLeadChan_GainKnob.json
330,EthosLeadChan_GainKnob_cond-0.25-out.wav,Proteus_Tone_Packs/AmpPack1/EthosLeadChan_GainKnob.json
331,EthosLeadChan_GainKnob_cond-0.50-out.wav,Proteus_Tone_Packs/AmpPack1/EthosLeadChan_GainKnob.json
332,EthosLeadChan_GainKnob_cond-0.75-out.wav,Proteus_Tone_Packs/AmpPack1/EthosLeadChan_GainKnob.json
333,EthosLeadChan_GainKnob_cond-1.00-out.wav,Proteus_Tone_Packs/AmpPack1/EthosLeadChan_GainKnob.json
334,RockmanXPR_HighGain-out.wav,Proteus_Tone_Packs/AmpPack1/RockmanXPR_HighGain.json
335,PrinceOfToneClone_OD_Knob_cond-0.00-out.wav,Proteus_Tone_Packs/PedalPack3/PrinceOfToneClone_OD_Knob.json
336,PrinceOfToneClone_OD_Knob_cond-0.25-out.wav,Proteus_Tone_Packs/PedalPack3/PrinceOfToneClone_OD_Knob.json
337,PrinceOfToneClone_OD_Knob_cond-0.50-out.wav,Proteus_Tone_Packs/PedalPack3/PrinceOfToneClone_OD_Knob.json
338,PrinceOfToneClone_OD_Knob_cond-0.75-out.wav,Proteus_Tone_Packs/PedalPack3/PrinceOfToneClone_OD_Knob.json
339,PrinceOfToneClone_OD_Knob_cond-1.00-out.wav,Proteus_Tone_Packs/PedalPack3/PrinceOfToneClone_OD_Knob.json
340,TRexMudhoney_plus_PorkLoin_HighGain-out.wav,Proteus_Tone_Packs/PedalPack3/TRexMudhoney_plus_PorkLoin_HighGain.json
341,PrinceOfToneClone_Dist_Knob_cond-0.00-out.wav,Proteus_Tone_Packs/PedalPack3/PrinceOfToneClone_Dist_Knob.json
342,PrinceOfToneClone_Dist_Knob_cond-0.25-out.wav,Proteus_Tone_Packs/PedalPack3/PrinceOfToneClone_Dist_Knob.json
343,PrinceOfToneClone_Dist_Knob_cond-0.50-out.wav,Proteus_Tone_Packs/PedalPack3/PrinceOfToneClone_Dist_Knob.json
344,PrinceOfToneClone_Dist_Knob_cond-0.75-out.wav,Proteus_Tone_Packs/PedalPack3/PrinceOfToneClone_Dist_Knob.json
345,PrinceOfToneClone_Dist_Knob_cond-1.00-out.wav,Proteus_Tone_Packs/PedalPack3/PrinceOfToneClone_Dist_Knob.json
346,AguilarAgro-Bright_Bass-out.wav,Proteus_Tone_Packs/PedalPack3/AguilarAgro-Bright_Bass.json
347,AguilarAgro-Dark_Bass-out.wav,Proteus_Tone_Packs/PedalPack3/AguilarAgro-Dark_Bass.json
348,PorkLoinPedal_LowGain-out.wav,Proteus_Tone_Packs/PedalPack3/PorkLoinPedal_LowGain.json
349,TRexMudhoney_GainKnob_cond-0.00-out.wav,Proteus_Tone_Packs/PedalPack3/TRexMudhoney_GainKnob.json
350,TRexMudhoney_GainKnob_cond-0.25-out.wav,Proteus_Tone_Packs/PedalPack3/TRexMudhoney_GainKnob.json
351,TRexMudhoney_GainKnob_cond-0.50-out.wav,Proteus_Tone_Packs/PedalPack3/TRexMudhoney_GainKnob.json
352,TRexMudhoney_GainKnob_cond-0.75-out.wav,Proteus_Tone_Packs/PedalPack3/TRexMudhoney_GainKnob.json
353,TRexMudhoney_GainKnob_cond-1.00-out.wav,Proteus_Tone_Packs/PedalPack3/TRexMudhoney_GainKnob.json
354,PrinceOfToneClone_Boost_Knob_cond-0.00-out.wav,Proteus_Tone_Packs/PedalPack3/PrinceOfToneClone_Boost_Knob.json
355,PrinceOfToneClone_Boost_Knob_cond-0.25-out.wav,Proteus_Tone_Packs/PedalPack3/PrinceOfToneClone_Boost_Knob.json
356,PrinceOfToneClone_Boost_Knob_cond-0.50-out.wav,Proteus_Tone_Packs/PedalPack3/PrinceOfToneClone_Boost_Knob.json
357,PrinceOfToneClone_Boost_Knob_cond-0.75-out.wav,Proteus_Tone_Packs/PedalPack3/PrinceOfToneClone_Boost_Knob.json
358,PrinceOfToneClone_Boost_Knob_cond-1.00-out.wav,Proteus_Tone_Packs/PedalPack3/PrinceOfToneClone_Boost_Knob.json
359,AguilarAgro_and_B7KU-Behemoth_Bass-out.wav,Proteus_Tone_Packs/PedalPack3/AguilarAgro_and_B7KU-Behemoth_Bass.json
360,BluesBreakerClone_gainKnob_cond-0.00-out.wav,Proteus_Tone_Packs/PedalPack3/BluesBreakerClone_gainKnob.json
361,BluesBreakerClone_gainKnob_cond-0.25-out.wav,Proteus_Tone_Packs/PedalPack3/BluesBreakerClone_gainKnob.json
362,BluesBreakerClone_gainKnob_cond-0.50-out.wav,Proteus_Tone_Packs/PedalPack3/BluesBreakerClone_gainKnob.json
363,BluesBreakerClone_gainKnob_cond-0.75-out.wav,Proteus_Tone_Packs/PedalPack3/BluesBreakerClone_gainKnob.json
364,BluesBreakerClone_gainKnob_cond-1.00-out.wav,Proteus_Tone_Packs/PedalPack3/BluesBreakerClone_gainKnob.json
365,AccessVirusB_DistortionHard-out.wav,Proteus_Tone_Packs/PedalPack3/AccessVirusB_DistortionHard.json
366,SoundCity50_LowGain_DIRECT-out.wav,Proteus_Tone_Packs/AmpPack2/SoundCity50_LowGain_DIRECT.json
367,Sovtek50_ThroneTorcher_DIRECT-out.wav,Proteus_Tone_Packs/AmpPack2/Sovtek50_ThroneTorcher_DIRECT.json
368,BadCat50_MedGain_PREAMP-out.wav,Proteus_Tone_Packs/AmpPack2/BadCat50_MedGain_PREAMP.json
369,YamahaT50_HighGain-mid4_DIRECT-out.wav,Proteus_Tone_Packs/AmpPack2/YamahaT50_HighGain-mid4_DIRECT.json
370,NeuralJohnClean_DirectOut-out.wav,Proteus_Tone_Packs/AmpPack2/NeuralJohnClean_DirectOut.json
371,BadCat50_MedGain_DIRECT-out.wav,Proteus_Tone_Packs/AmpPack2/BadCat50_MedGain_DIRECT.json
372,SoundCity50_ThroneTorcher_DIRECT-out.wav,Proteus_Tone_Packs/AmpPack2/SoundCity50_ThroneTorcher_DIRECT.json
373,ShiftTwin_StampedeDT_PREAMP-out.wav,Proteus_Tone_Packs/AmpPack2/ShiftTwin_StampedeDT_PREAMP.json
374,ShiftTwin_Demon_PREAMP-out.wav,Proteus_Tone_Packs/AmpPack2/ShiftTwin_Demon_PREAMP.json
375,BadCat50_HighGain_DIRECT-out.wav,Proteus_Tone_Packs/AmpPack2/BadCat50_HighGain_DIRECT.json
376,BadCat50_HighGain_PREAMP-out.wav,Proteus_Tone_Packs/AmpPack2/BadCat50_HighGain_PREAMP.json
377,YamahaT50_HighGain-mid6_DIRECT-out.wav,Proteus_Tone_Packs/AmpPack2/YamahaT50_HighGain-mid6_DIRECT.json
378,PeaveyBandit_Chan2_clean-out.wav,Proteus_Tone_Packs/AmpPack2/PeaveyBandit_Chan2_clean.json
379,Sovtek50_Clean_DIRECT-out.wav,Proteus_Tone_Packs/AmpPack2/Sovtek50_Clean_DIRECT.json
380,Sovtek50_DodFX56B-2_DIRECT-out.wav,Proteus_Tone_Packs/AmpPack2/Sovtek50_DodFX56B-2_DIRECT.json
381,PeaveyBandit_Chan1_saturated-out.wav,Proteus_Tone_Packs/AmpPack2/PeaveyBandit_Chan1_saturated.json
382,ShiftTwin_Clean1_PREAMP-out.wav,Proteus_Tone_Packs/AmpPack2/ShiftTwin_Clean1_PREAMP.json
383,BigMuff_V6_T6_S9-out.wav,Proteus_Tone_Packs/Keiths_DIY_Pedals/BigMuff_V6_T6_S9.json
384,TeaFuzz_Max-out.wav,Proteus_Tone_Packs/Keiths_DIY_Pedals/TeaFuzz_Max.json
385,Klone_Ge_G5_T8_O7-out.wav,Proteus_Tone_Packs/Keiths_DIY_Pedals/Klone_Ge_G5_T8_O7.json
386,Klone_SiGe_G9_T8_O6-out.wav,Proteus_Tone_Packs/Keiths_DIY_Pedals/Klone_SiGe_G9_T8_O6.json
387,Klone_Ge_G9_T8_O6-out.wav,Proteus_Tone_Packs/Keiths_DIY_Pedals/Klone_Ge_G9_T8_O6.json
388,DC3_Ge_G10_T6_L9-out.wav,Proteus_Tone_Packs/Keiths_DIY_Pedals/DC3_Ge_G10_T6_L9.json
389,DC3_Si_G10_T6_L9-out.wav,Proteus_Tone_Packs/Keiths_DIY_Pedals/DC3_Si_G10_T6_L9.json
390,DC3_Ge_G7_T5_L10-out.wav,Proteus_Tone_Packs/Keiths_DIY_Pedals/DC3_Ge_G7_T5_L10.json
391,Klone_Ge_G4_T5_O6-out.wav,Proteus_Tone_Packs/Keiths_DIY_Pedals/Klone_Ge_G4_T5_O6.json
392,BigMuff_V6_T3_S5-out.wav,Proteus_Tone_Packs/Keiths_DIY_Pedals/BigMuff_V6_T3_S5.json
393,Klone_SiGe_G6_T5_O7-out.wav,Proteus_Tone_Packs/Keiths_DIY_Pedals/Klone_SiGe_G6_T5_O7.json
